delta_t_min,incl_deg,raan_deg,ecc,argp_deg,M_deg,mean_motion_rev_per_day,x_sgp4,y_sgp4,z_sgp4,vx_sgp4,vy_sgp4,vz_sgp4
0.0,52.7584,123.0489,0.8164697,310.7158,0.2585,0.37803381,-813.262725683818,12355.9691150713,-7881.487338106719,-5.209759004724996,2.608785063384671,3.928249804490111
5.0,52.7584,123.0489,0.8164697,310.7158,0.2585,0.37803381,-2369.691920885464,13068.258633225663,-6660.30668581779,-5.15059596653809,2.1350916353378193,4.199400933912546
10.0,52.7584,123.0489,0.8164697,310.7158,0.2585,0.37803381,-3900.39108488069,13637.898192306116,-5366.261210511032,-5.03962115557872,1.6614232180996371,4.4130102173988766
15.0,52.7584,123.0489,0.8164697,310.7158,0.2585,0.37803381,-5391.206341834433,14067.4701125752,-4016.8975477576582,-4.8866465653946864,1.2044177133466691,4.568140140517809
20.0,52.7584,123.0489,0.8164697,310.7158,0.2585,0.37803381,-6831.217071453413,14363.97235116485,-2629.312891788701,-4.70306070788951,0.776620847444573,4.668513873270204
25.0,52.7584,123.0489,0.8164697,310.7158,0.2585,0.37803381,-8212.923153172924,14537.467205165423,-1218.986427623671,-4.4999893665308575,0.3858758622687558,4.720907003774781
30.0,52.7584,123.0489,0.8164697,310.7158,0.2585,0.37803381,-9531.965442839077,14599.712411495057,200.88365276716655,-4.28707143477046,0.0357520151708304,4.733483500444393
35.0,52.7584,123.0489,0.8164697,310.7158,0.2585,0.37803381,-10786.58166296008,14563.016010375117,1619.5903620792142,-4.071912649669723,-0.2734758439018198,4.714492524300584
40.0,52.7584,123.0489,0.8164697,310.7158,0.2585,0.37803381,-11976.980548811163,14439.411596309585,3028.8096103668727,-3.860053692454196,-0.543734530031413,4.671455931348929
45.0,52.7584,123.0489,0.8164697,310.7158,0.2585,0.37803381,-13104.755495459269,14240.144119638502,4422.314950966622,-3.6552300611503297,-0.7782079779585457,4.610785152447894
50.0,52.7584,123.0489,0.8164697,310.7158,0.2585,0.37803381,-14172.396642616504,13975.403831859532,5795.625166901198,-3.4597425136680777,-0.9806367765210372,4.53769442152991
55.0,52.7584,123.0489,0.8164697,310.7158,0.2585,0.37803381,-15182.916199631383,13654.234101711225,7145.65393353775,-3.274826671445118,-1.154855820842574,4.4562823984796545
60.0,52.7584,123.0489,0.8164697,310.7158,0.2585,0.37803381,-16139.57763036002,13284.548313754996,8470.39720800955,-3.1009692547275507,-1.3045210727417262,4.369689005858425
65.0,52.7584,123.0489,0.8164697,310.7158,0.2585,0.37803381,-17045.709667737265,12873.20752268639,9768.671581310582,-2.938155774162142,-1.4329692126727365,4.280270652974772
70.0,52.7584,123.0489,0.8164697,310.7158,0.2585,0.37803381,-17904.584816183935,12426.126371473589,11039.904114944136,-2.7860535703375704,-1.5431626267819831,4.189764351876884
75.0,52.7584,123.0489,0.8164697,310.7158,0.2585,0.37803381,-18719.344505530546,11948.387187900558,12283.968144549772,-2.644141474878938,-1.6376849000602522,4.099428477319965
80.0,52.7584,123.0489,0.8164697,310.7158,0.2585,0.37803381,-19492.9567410366,11444.350853743375,13501.057447605246,-2.5117985774812657,-1.7187635024423704,4.010157455932195
85.0,52.7584,123.0489,0.8164697,310.7158,0.2585,0.37803381,-20228.19566930856,10917.758661896502,14691.591144313688,-2.3883631219754022,-1.7883050793734176,3.9225722510279706
90.0,52.7584,123.0489,0.8164697,310.7158,0.2585,0.37803381,-20927.63546154538,10371.822795073387,15856.142579927387,-2.273170294878206,-1.8479347567683888,3.8370902656639
95.0,52.7584,123.0489,0.8164697,310.7158,0.2585,0.37803381,-21593.653212158973,9809.305012068431,16995.386597915087,-2.1655754691416846,-1.899034737613824,3.753978592749581
100.0,52.7584,123.0489,0.8164697,310.7158,0.2585,0.37803381,-22228.43723714945,9232.584157443069,18110.06075289602,-2.064967635162291,-1.942779839761604,3.6733941951396543
105.0,52.7584,123.0489,0.8164697,310.7158,0.2585,0.37803381,-22833.998356482687,8643.713586675049,19200.937005543576,-1.9707763442514792,-1.980169014421033,3.595414024828054
110.0,52.7584,123.0489,0.8164697,310.7158,0.2585,0.37803381,-23412.182579786873,8044.469757985745,20268.80125536956,-1.8824744575677912,-2.0120526582526295,3.5200574941745604
115.0,52.7584,123.0489,0.8164697,310.7158,0.2585,0.37803381,-23964.684186208066,7436.393230198803,21314.43871014659,-1.7995782581994582,-2.0391559324166986,3.447303180378768
120.0,52.7584,123.0489,0.8164697,310.7158,0.2585,0.37803381,-24493.05857499161,6820.82320980572,22338.623587186863,-1.7216459705755354,-2.062098484574044,3.3771012041156383
125.0,52.7584,123.0489,0.8164697,310.7158,0.2585,0.37803381,-24998.734520243277,6198.926659858303,23342.112019700733,-1.6482753778154124,-2.0814110302464024,3.309382373623958
130.0,52.7584,123.0489,0.8164697,310.7158,0.2585,0.37803381,-25483.025631989534,5571.722845579155,24325.637326562883,-1.579100986795588,-2.09754924541416,3.2440649149209277
135.0,52.7584,123.0489,0.8164697,310.7158,0.2585,0.37803381,-25947.140934771865,4940.104060348929,25289.907018240097,-1.5137910281135702,-2.1109053861675444,3.181059402641136
140.0,52.7584,123.0489,0.8164697,310.7158,0.2585,0.37803381,-26392.19454307639,4304.8531587430825,26235.601070368444,-1.452044469415984,-2.121818002478913,3.1202723506331833
145.0,52.7584,123.0489,0.8164697,310.7158,0.2585,0.37803381,-26819.214455744463,3666.658419486382,27163.37111780283,-1.3935881482678314,-2.130580062030131,3.0616088048288055
150.0,52.7584,123.0489,0.8164697,310.7158,0.2585,0.37803381,-27229.150514873745,3026.1261747889453,28073.840309338168,-1.3381740835360394,-2.137445751564533,3.0049741940308707
155.0,52.7584,123.0489,0.8164697,310.7158,0.2585,0.37803381,-27622.88158790605,2383.7915682720704,28967.603630748537,-1.2855769935928838,-2.142636179847408,2.9502756293686363
160.0,52.7584,123.0489,0.8164697,310.7158,0.2585,0.37803381,-28001.2220368002,1740.1277423135623,29845.22855316038,-1.2355920302661063,-2.146344168672593,2.8974227948890565
165.0,52.7584,123.0489,0.8164697,310.7158,0.2585,0.37803381,-28364.92753880425,1095.5537048358203,30707.255900635388,-1.1880327255462488,-2.148738286363664,2.846328535775244
170.0,52.7584,123.0489,0.8164697,310.7158,0.2585,0.37803381,-28714.700321632907,450.4410826456525,31554.200859392768,-1.1427291410032168,-2.1499662514101163,2.7969092237898177
175.0,52.7584,123.0489,0.8164697,310.7158,0.2585,0.37803381,-29051.193871562264,-194.8800652424045,32386.55407035185,-1.0995262061690974,-2.150157811586036,2.7490849595834312
180.0,52.7584,123.0489,0.8164697,310.7158,0.2585,0.37803381,-29375.01716919443,-840.116230926019,33204.78276378744,-1.058282230331121,-2.14942718549958,2.702779656420155
185.0,52.7584,123.0489,0.8164697,310.7158,0.2585,0.37803381,-29686.738502444077,-1485.0061170727945,34009.33190546717,-1.0188675718380105,-2.147875138355052,2.6579210387033205
190.0,52.7584,123.0489,0.8164697,310.7158,0.2585,0.37803381,-29986.888901722446,-2129.316872035184,34800.625332703086,-0.9811634493777516,-2.145590751263082,2.6144405802373125
195.0,52.7584,123.0489,0.8164697,310.7158,0.2585,0.37803381,-30275.965237719363,-2772.8408161734997,35579.06686517096,-0.945060880544487,-2.1426529332064184,2.5722734008354036
200.0,52.7584,123.0489,0.8164697,310.7158,0.2585,0.37803381,-30554.433017930725,-3415.392588520907,36345.04138019179,-0.910459734087016,-2.139131716383103,2.531358135122342
205.0,52.7584,123.0489,0.8164697,310.7158,0.2585,0.37803381,-30822.72891416894,-4056.806653972594,37098.915845753305,-0.8772678834236152,-2.135089368754248,2.491636783796666
210.0,52.7584,123.0489,0.8164697,310.7158,0.2585,0.37803381,-31081.26304974624,-4696.935120512482,37841.04030721054,-0.8454004502000705,-2.130581351959776,2.453054554917385
215.0,52.7584,123.0489,0.8164697,310.7158,0.2585,0.37803381,-31330.42107182251,-5335.645823702325,38571.748825548406,-0.8147791278240375,-2.125657148100759,2.4155597007457543
220.0,52.7584,123.0489,0.8164697,310.7158,0.2585,0.37803381,-31570.56603155682,-5972.820642099454,39291.360366510715,-0.7853315759934202,-2.120360975039857,2.3791033541409403
225.0,52.7584,123.0489,0.8164697,310.7158,0.2585,0.37803381,-31802.040092148218,-6608.35401271995,40000.17964091696,-0.756990878230837,-2.114732406694548,2.343639367356223
230.0,52.7584,123.0489,0.8164697,310.7158,0.2585,0.37803381,-32025.166082600892,-7242.151620141904,40698.4978972051,-0.7296950553459923,-2.1088069121650967,2.3091241552171895
235.0,52.7584,123.0489,0.8164697,310.7158,0.2585,0.37803381,-32240.248913038136,-7874.129236721303,41386.59366773302,-0.703386628558392,-2.1026163253578205,2.275516544015854
240.0,52.7584,123.0489,0.8164697,310.7158,0.2585,0.37803381,-32447.576865631298,-8504.211694545202,42064.733470691805,-0.6780122267447715,-2.0961892549474563,2.2427776269719715
245.0,52.7584,123.0489,0.8164697,310.7158,0.2585,0.37803381,-32647.422773633552,-9132.33197253372,42733.17246968615,-0.6535222329179348,-2.089551443011296,2.210870626755042
250.0,52.7584,123.0489,0.8164697,310.7158,0.2585,0.37803381,-32840.04509963458,-9758.430384370624,43392.15509314179,-0.6298704656184287,-2.082726079403202,2.1797607652976416
255.0,52.7584,123.0489,0.8164697,310.7158,0.2585,0.37803381,-33025.688922939546,-10382.453854879876,44041.91561573876,-0.6070138914072268,-2.075734077877415,2.149415140939594
260.0,52.7584,123.0489,0.8164697,310.7158,0.2585,0.37803381,-33204.586844879464,-11004.355274203655,44682.67870405993,-0.5849123650882514,-2.0685943190856784,2.1198026128057195
265.0,52.7584,123.0489,0.8164697,310.7158,0.2585,0.37803381,-33376.959819935175,-11624.092920465157,45314.659928597765,-0.5635283946875761,-2.061323864822554,2.0908936922241796
270.0,52.7584,123.0489,0.8164697,310.7158,0.2585,0.37803381,-33543.01791969044,-12241.6299429101,45938.06624419856,-0.542826928554952,-2.0539381472660745,2.0626604409273073
275.0,52.7584,123.0489,0.8164697,310.7158,0.2585,0.37803381,-33702.96103590888,-12856.933898477411,46553.09644093079,-0.5227751622614499,-2.046451136427422,2.0350763757353807
280.0,52.7584,123.0489,0.8164697,310.7158,0.2585,0.37803381,-33856.979528351345,-13469.976335721782,47159.94156728102,-0.5033423632289005,-2.0388754885739924,2.008116379398717
285.0,52.7584,123.0489,0.8164697,310.7158,0.2585,0.37803381,-34005.254822388466,-14080.7324207051,47758.78532747063,-0.4844997112653685,-2.0312226780067797,1.981756617262045
290.0,52.7584,123.0489,0.8164697,310.7158,0.2585,0.37803381,-34147.95996092116,-14689.180600217984,48349.80445459351,-0.4662201533821578,-2.023503114248848,1.9559744594121509
295.0,52.7584,123.0489,0.8164697,310.7158,0.2585,0.37803381,-34285.260114688,-15295.302298189434,48933.16906116672,-0.4484782714536769,-2.0157262464233847,1.9307484079740893
300.0,52.7584,123.0489,0.8164697,310.7158,0.2585,0.37803381,-34417.31305460685,-15899.081641712366,49509.042968594375,-0.431250161436804,-2.0079006563638413,1.90605802922979
305.0,52.7584,123.0489,0.8164697,310.7158,0.2585,0.37803381,-34544.26958945959,-16500.5052134706,50077.58401694065,-0.4145133230112425,-2.000034141795128,1.8818838902451016
310.0,52.7584,123.0489,0.8164697,310.7158,0.2585,0.37803381,-34666.273971879345,-17099.561827801157,50638.94435632162,-0.3982465586221894,-1.99213379075175,1.858207499705118
315.0,52.7584,123.0489,0.8164697,310.7158,0.2585,0.37803381,-34783.464275327315,-17696.242327908414,51193.27072113667,-0.382429881018693,-1.9842060482487185,1.8350112526729971
320.0,52.7584,123.0489,0.8164697,310.7158,0.2585,0.37803381,-34895.97274449837,-18290.53940201355,51740.70468827393,-0.3670444284787269,-1.976256776092309,1.8122783790034445
325.0,52.7584,123.0489,0.8164697,310.7158,0.2585,0.37803381,-35003.92612132978,-18882.447416546343,52281.38292035,-0.3520723869934254,-1.9682913066074088,1.789992895157903
330.0,52.7584,123.0489,0.8164697,310.7158,0.2585,0.37803381,-35107.44594861938,-19471.962264624643,52815.43739496926,-0.3374969187632771,-1.960314490961325,1.768139559184467
335.0,52.7584,123.0489,0.8164697,310.7158,0.2585,0.37803381,-35206.648853052124,-20059.08122830249,53342.99562091699,-0.3233020964235407,-1.9523307426813732,1.746703828641046
340.0,52.7584,123.0489,0.8164697,310.7158,0.2585,0.37803381,-35301.646809280646,-20643.802853217803,53864.18084214049,-0.3094728424770189,-1.9443440768911424,1.7256718212550202
345.0,52.7584,123.0489,0.8164697,310.7158,0.2585,0.37803381,-35392.547386544284,-21226.1268344358,54379.11223030859,-0.2959948734640791,-1.936358145727933,1.7050302781270568
350.0,52.7584,123.0489,0.8164697,310.7158,0.2585,0.37803381,-35479.45397918027,-21806.053912412513,54887.90506668751,-0.282854648447235,-1.928376270349155,1.6847665293000662
355.0,52.7584,123.0489,0.8164697,310.7158,0.2585,0.37803381,-35562.466022285415,-22383.585778070443,55390.6709140155,-0.2700393214319401,-1.9204014698876477,1.6648684615272082
360.0,52.7584,123.0489,0.8164697,310.7158,0.2585,0.37803381,-35641.679193631586,-22958.72498616879,55887.51777901601,-0.2575366973779878,-1.9124364876748805,1.6453244880845164
365.0,52.7584,123.0489,0.8164697,310.7158,0.2585,0.37803381,-35717.185602883175,-23531.474876155837,56378.550266137405,-0.2453351914936416,-1.904483815014167,1.6261235204852809
370.0,52.7584,123.0489,0.8164697,310.7158,0.2585,0.37803381,-35789.07396904158,-24101.839499839316,56863.86972307309,-0.2334237915310171,-1.8965457127544667,1.6072549419633806
375.0,52.7584,123.0489,0.8164697,310.7158,0.2585,0.37803381,-35857.42978700793,-24669.82355520208,57343.57437857347,-0.2217920228319324,-1.888624230886976,1.5887085826027274
380.0,52.7584,123.0489,0.8164697,310.7158,0.2585,0.37803381,-35922.33548402441,-25235.432325844755,57817.75947302389,-0.2104299158924347,-1.8807212263627853,1.5704746959990423
385.0,52.7584,123.0489,0.8164697,310.7158,0.2585,0.37803381,-35983.87056673429,-25798.67162552913,58286.5173822377,-0.1993279762392999,-1.8728383793076488,1.552543937348243
390.0,52.7584,123.0489,0.8164697,310.7158,0.2585,0.37803381,-36042.11175952017,-26359.547747367644,58749.93773487159,-0.1884771564294356,-1.8649772077912177,1.534907342863978
395.0,52.7584,123.0489,0.8164697,310.7158,0.2585,0.37803381,-36097.13313474149,-26918.067417237948,59208.10752385393,-0.1778688300013312,-1.8571390812910191,1.517556310433585
400.0,52.7584,123.0489,0.8164697,310.7158,0.2585,0.37803381,-36149.00623541704,-27474.237751068984,59661.11121218065,-0.1674947672215212,-1.8493252329768708,1.5004825814286906
405.0,52.7584,123.0489,0.8164697,310.7158,0.2585,0.37803381,-36197.80019088946,-28028.066215637697,60109.03083341667,-0.1573471124853725,-1.8415367709279256,1.4836782235927213
410.0,52.7584,123.0489,0.8164697,310.7158,0.2585,0.37803381,-36243.58182592122,-28579.56059260543,60551.94608721267,-0.1474183632410322,-1.8337746883832609,1.467135614933243
415.0,52.7584,123.0489,0.8164697,310.7158,0.2585,0.37803381,-36286.4157636967,-29128.728945473144,60989.934430130466,-0.1377013503208275,-1.826039873116115,1.4508474285523938
420.0,52.7584,123.0489,0.8164697,310.7158,0.2585,0.37803381,-36326.36452310521,-29675.579589244782,61423.07116204827,-0.1281892195702991,-1.818333116013139,1.4348066183534354
425.0,52.7584,123.0489,0.8164697,310.7158,0.2585,0.37803381,-36363.48861069555,-30220.121062549504,61851.429508399655,-0.1188754146774327,-1.8106551189315312,1.419006405566027
430.0,52.7584,123.0489,0.8164697,310.7158,0.2585,0.37803381,-36397.84660764717,-30762.36210202067,62275.080698484955,-0.1097536611118931,-1.803006501899743,1.4034402660368182
435.0,52.7584,123.0489,0.8164697,310.7158,0.2585,0.37803381,-36429.49525207356,-31302.311618747623,62694.09404007693,-0.1008179510914346,-1.795387809720976,1.388101918235952
440.0,52.7584,123.0489,0.8164697,310.7158,0.2585,0.37803381,-36458.4895169535,-31839.978676629915,63108.53699052684,-0.0920625294999106,-1.7877995180328763,1.37298531193349
445.0,52.7584,123.0489,0.8164697,310.7158,0.2585,0.37803381,-36484.882683983,-32375.372472460676,63518.47522456899,-0.0834818806884603,-1.7802420388715157,1.358084617503009
450.0,52.7584,123.0489,0.8164697,310.7158,0.2585,0.37803381,-36508.7264135732,-32908.50231762844,63923.97269900301,-0.0750707160945627,-1.772715725783373,1.3433942158127532
455.0,52.7584,123.0489,0.8164697,310.7158,0.2585,0.37803381,-36530.07081125898,-33439.37762127633,64325.0917144248,-0.0668239626220808,-1.7652208785246242,1.328908688667404
460.0,52.7584,123.0489,0.8164697,310.7158,0.2585,0.37803381,-36548.96449071648,-33968.00787482789,64721.89297416875,-0.0587367517272208,-1.7577577473834436,1.3146228097660817
465.0,52.7584,123.0489,0.8164697,310.7158,0.2585,0.37803381,-36565.45463362424,-34494.40263773288,65114.43564060779,-0.0508044091626188,-1.7503265371576615,1.300531536144749
470.0,52.7584,123.0489,0.8164697,310.7158,0.2585,0.37803381,-36579.5870465082,-35018.57152439425,65502.77738895515,-0.0430224453312384,-1.7429274108171178,1.2866300000731232
475.0,52.7584,123.0489,0.8164697,310.7158,0.2585,0.37803381,-36591.406214803385,-35540.524192120196,65886.97445869794,-0.0353865462110847,-1.7355604928773356,1.2729135013785042
480.0,52.7584,123.0489,0.8164697,310.7158,0.2585,0.37803381,-36600.95535426054,-36060.27033006237,66267.08170278798,-0.0278925648099268,-1.728225872508684,1.259377500170593
485.0,52.7584,123.0489,0.8164697,310.7158,0.2585,0.37803381,-36608.27645986762,-36577.81964904416,66643.15263470619,-0.0205365131151683,-1.7209236064030806,1.2460176099432891
490.0,52.7584,123.0489,0.8164697,310.7158,0.2585,0.37803381,-36613.410352417166,-37093.18187222374,67015.23947351001,-0.0133145545051341,-1.713653721418243,1.2328295910309366
495.0,52.7584,123.0489,0.8164697,310.7158,0.2585,0.37803381,-36616.39672287014,-37606.3667265097,67383.39318696749,-0.0062229965920102,-1.7064162170177082,1.219809344398125
500.0,52.7584,123.0489,0.8164697,310.7158,0.2585,0.37803381,-36617.27417462636,-38117.38393468819,67747.6635328753,0.0007417155325609,-1.6992110675232797,1.206952905743363
505.0,52.7584,123.0489,0.8164697,310.7158,0.2585,0.37803381,-36616.08026383041,-38626.243208191496,68108.09909865078,0.0075830056748527,-1.692038224195062,1.1942564398984536
510.0,52.7584,123.0489,0.8164697,310.7158,0.2585,0.37803381,-36612.85153780701,-39132.954240478866,68464.74733928675,0.0143041725644215,-1.6848976171529138,1.1817162355063526
515.0,52.7584,123.0489,0.8164697,310.7158,0.2585,0.37803381,-36607.62357175151,-39637.52670095626,68817.65461374717,0.020908395548847,-1.6777891571520085,1.1693286999616357
520.0,52.7584,123.0489,0.8164697,310.7158,0.2585,0.37803381,-36600.43100373996,-40139.97022942637,69166.86621988256,0.0273987399801759,-1.670712737224024,1.1570903545985405
525.0,52.7584,123.0489,0.8164697,310.7158,0.2585,0.37803381,-36591.30756818825,-40640.29443099228,69512.42642793678,0.033778162310719,-1.6636682341945748,1.144997830112604
530.0,52.7584,123.0489,0.8164697,310.7158,0.2585,0.37803381,-36580.28612780218,-41138.508871416634,69854.37851271195,0.0400495149180124,-1.6566555100865803,1.1330478622028313
535.0,52.7584,123.0489,0.8164697,310.7158,0.2585,0.37803381,-36567.398704127736,-41634.6230728785,70192.7647844581,0.0462155506744226,-1.6496744134184067,1.121237287422041
540.0,52.7584,123.0489,0.8164697,310.7158,0.2585,0.37803381,-36552.676506767144,-42128.64651010269,70527.62661854633,0.0522789272773278,-1.642724780404961,1.1095630392239504
545.0,52.7584,123.0489,0.8164697,310.7158,0.2585,0.37803381,-36536.14996133051,-42620.58860683577,70859.00448398417,0.058242211354398,-1.6358064360691895,1.0980221441961526
550.0,52.7584,123.0489,0.8164697,310.7158,0.2585,0.37803381,-36517.84873617504,-43110.45873265253,71186.9379708263,0.0641078823579832,-1.6289191952708042,1.0866117184689084
555.0,52.7584,123.0489,0.8164697,310.7158,0.2585,0.37803381,-36497.801768016296,-43598.26620005141,71511.46581653359,0.0698783362603001,-1.6220628636585512,1.0753289642901829
560.0,52.7584,123.0489,0.8164697,310.7158,0.2585,0.37803381,-36476.037286458835,-44084.02026182287,71832.62593132636,0.0755558890615827,-1.615237238551836,1.0641711667581049
565.0,52.7584,123.0489,0.8164697,310.7158,0.2585,0.37803381,-36452.5828375027,-44567.73010867286,72150.45542258161,0.0811427801221168,-1.608442109756954,1.05313569070235
570.0,52.7584,123.0489,0.8164697,310.7158,0.2585,0.37803381,-36427.46530605465,-45049.404867096586,72464.99061831328,0.0866411753291236,-1.6016772603228475,1.042219977706671
575.0,52.7584,123.0489,0.8164697,310.7158,0.2585,0.37803381,-36400.710937542135,-45529.0535974473,72776.26708978094,0.0920531701063103,-1.5949424672409354,1.031421543265099
580.0,52.7584,123.0489,0.8164697,310.7158,0.2585,0.37803381,-36372.345358622806,-46006.68529222613,73084.31967326281,0.0973807922768977,-1.5882375020930857,1.020737974064882
585.0,52.7584,123.0489,0.8164697,310.7158,0.2585,0.37803381,-36342.393597077054,-46482.30887454145,73389.18249103242,0.1026260047869129,-1.5815621316516333,1.0101669253896024
590.0,52.7584,123.0489,0.8164697,310.7158,0.2585,0.37803381,-36310.88010086875,-46955.933196769285,73690.88897157223,0.1077907082984669,-1.5749161184348583,0.9997061186362792
595.0,52.7584,123.0489,0.8164697,310.7158,0.2585,0.37803381,-36277.82875648832,-47427.56703934002,73989.47186905897,0.1128767436577406,-1.568299221221334,0.9893533389406736
600.0,52.7584,123.0489,0.8164697,310.7158,0.2585,0.37803381,-36243.26290654412,-47897.21910969744,74284.96328215167,0.1178858942469505,-1.5617111955259837,0.9791064329052802
605.0,52.7584,123.0489,0.8164697,310.7158,0.2585,0.37803381,-36207.20536667837,-48364.89804138316,74577.39467211216,0.1228198882252628,-1.5551517940407489,0.9689633064248856
610.0,52.7584,123.0489,0.8164697,310.7158,0.2585,0.37803381,-36169.67844180375,-48830.61239326604,74866.79688028732,0.127680400665899,-1.5486207670422754,0.9589219226047846
615.0,52.7584,123.0489,0.8164697,310.7158,0.2585,0.37803381,-36130.70394175423,-49294.37064885858,75153.20014497987,0.1324690555930266,-1.5421178627692065,0.9489802997670768
620.0,52.7584,123.0489,0.8164697,310.7158,0.2585,0.37803381,-36090.303196295485,-49756.18121577407,75436.63411773274,0.1371874279264418,-1.535642827771036,0.9391365095407156
625.0,52.7584,123.0489,0.8164697,310.7158,0.2585,0.37803381,-36048.49706960223,-50216.052425257214,75717.12787905325,0.1418370453364835,-1.5291954072307254,0.9293886750312031
630.0,52.7584,123.0489,0.8164697,310.7158,0.2585,0.37803381,-36005.30597414869,-50673.99253183916,75994.70995359842,0.1464193900163397,-1.522775345262795,0.919734969066061
635.0,52.7584,123.0489,0.8164697,310.7158,0.2585,0.37803381,-35960.749884130855,-51130.00971304046,76269.40832484527,0.1509359003732564,-1.5163823851888398,0.9101736125124428
640.0,52.7584,123.0489,0.8164697,310.7158,0.2585,0.37803381,-35914.84834834679,-51584.11206918663,76541.25044926604,0.1553879726457583,-1.5100162697918402,0.9007028726634269
645.0,52.7584,123.0489,0.8164697,310.7158,0.2585,0.37803381,-35867.620502631646,-52036.30762327699,76810.26327002962,0.1597769624485049,-1.5036767415509251,0.8913210616896817
650.0,52.7584,123.0489,0.8164697,310.7158,0.2585,0.37803381,-35819.0850818213,-52486.604320931736,77076.47323024645,0.1641041862498603,-1.4973635428578962,0.882026535153512
655.0,52.7584,123.0489,0.8164697,310.7158,0.2585,0.37803381,-35769.260431294235,-52935.01003039509,77339.90628577798,0.1683709227847611,-1.491076416216804,0.8728176905822514
660.0,52.7584,123.0489,0.8164697,310.7158,0.2585,0.37803381,-35718.16451809161,-53381.53254259959,77600.58791762505,0.1725784144066541,-1.4848151044277806,0.8636929660983039
665.0,52.7584,123.0489,0.8164697,310.7158,0.2585,0.37803381,-35665.814941642806,-53826.179571281726,77858.54314391424,0.1767278683813589,-1.4785793507562044,0.8546508391032004
670.0,52.7584,123.0489,0.8164697,310.7158,0.2585,0.37803381,-35612.22894411419,-54268.958753144376,78113.7965314967,0.1808204581256592,-1.472368899088252,0.8456898250131628
675.0,52.7584,123.0489,0.8164697,310.7158,0.2585,0.37803381,-35557.42342038649,-54709.877648068454,78366.37220717447,0.1848573243937102,-1.46618349407375,0.8368084760438574
680.0,52.7584,123.0489,0.8164697,310.7158,0.2585,0.37803381,-35501.414927681086,-55148.94373936798,78616.29386857,0.1888395764136527,-1.4600228812572127,0.8280053800420718
685.0,52.7584,123.0489,0.8164697,310.7158,0.2585,0.37803381,-35444.21969487315,-55586.164434068065,78863.58479465089,0.1927682929762545,-1.453886807197981,0.8192791593622274
690.0,52.7584,123.0489,0.8164697,310.7158,0.2585,0.37803381,-35385.853631468744,-56021.547063229176,79108.26785592457,0.1966445234788916,-1.4477750195800887,0.8106284697857101
695.0,52.7584,123.0489,0.8164697,310.7158,0.2585,0.37803381,-35326.33233626227,-56455.098882310325,79350.36552431439,0.2004692889268961,-1.441687267312588,0.8020519994810963
700.0,52.7584,123.0489,0.8164697,310.7158,0.2585,0.37803381,-35265.67110572209,-56886.827071545886,79589.8998827297,0.2042435828934304,-1.4356233006210932,0.793548468003509
705.0,52.7584,123.0489,0.8164697,310.7158,0.2585,0.37803381,-35203.88494209289,-57316.7387363507,79826.89263434116,0.2079683724404416,-1.4295828711311138,0.7851166253313399
710.0,52.7584,123.0489,0.8164697,310.7158,0.2585,0.37803381,-35140.98856121241,-57744.8409077578,80061.36511157248,0.2116445990028797,-1.423565731943652,0.7767552509387191
715.0,52.7584,123.0489,0.8164697,310.7158,0.2585,0.37803381,-35076.99640007641,-58171.14054287214,80293.33828481878,0.2152731792373288,-1.4175716377037213,0.7684631529022141
720.0,52.7584,123.0489,0.8164697,310.7158,0.2585,0.37803381,-35011.922624149985,-58595.6445253458,80522.83277090137,0.2188550058369893,-1.4116003446622218,0.7602391670402469
725.0,52.7584,123.0489,0.8164697,310.7158,0.2585,0.37803381,-34945.78113445488,-59018.3596658633,80749.86884127022,0.2223909483141286,-1.4056516107316737,0.7520821560838211
730.0,52.7584,123.0489,0.8164697,310.7158,0.2585,0.37803381,-34878.58557440059,-59439.29270265612,80974.4664299606,0.2258818537524403,-1.3997251955361534,0.7439910088772735
735.0,52.7584,123.0489,0.8164697,310.7158,0.2585,0.37803381,-34810.34933641448,-59858.45030202063,81196.64514131492,0.2293285475296226,-1.3938208604559414,0.735964639607732
740.0,52.7584,123.0489,0.8164697,310.7158,0.2585,0.37803381,-34741.08556835078,-60275.83905885265,81416.42425747725,0.2327318340121863,-1.3879383686671851,0.7280019870621014
745.0,52.7584,123.0489,0.8164697,310.7158,0.2585,0.37803381,-34670.807179694704,-60691.46549719438,81633.82274566936,0.2360924972235582,-1.3820774851769229,0.7201020139104186
750.0,52.7584,123.0489,0.8164697,310.7158,0.2585,0.37803381,-34599.52684758286,-61105.33607078278,81848.85926525411,0.2394113014863599,-1.376237976853898,0.7122637060144813
755.0,52.7584,123.0489,0.8164697,310.7158,0.2585,0.37803381,-34527.25702260297,-61517.45716362503,82061.55217459665,0.2426889920410311,-1.3704196124552304,0.7044860717607125
760.0,52.7584,123.0489,0.8164697,310.7158,0.2585,0.37803381,-34454.00993445004,-61927.8350905602,82271.91953772769,0.2459262956402575,-1.364622162649532,0.6967681414162437
765.0,52.7584,123.0489,0.8164697,310.7158,0.2585,0.37803381,-34379.79759737913,-62336.476097841565,82479.97913081746,0.2491239211217534,-1.358845400036488,0.6891089665073286
770.0,52.7584,123.0489,0.8164697,310.7158,0.2585,0.37803381,-34304.6318155133,-62743.38636371251,82685.748448466,0.2522825599592003,-1.3530890991633109,0.6815076192191092
775.0,52.7584,123.0489,0.8164697,310.7158,0.2585,0.37803381,-34228.52418795319,-63148.57199900627,82889.2447098164,0.2554028867935765,-1.3473530365380977,0.6739631918159276
780.0,52.7584,123.0489,0.8164697,310.7158,0.2585,0.37803381,-34151.48611377236,-63552.039047726044,83090.48486449786,0.2584855599440511,-1.3416369906405767,0.6664747960813282
785.0,52.7584,123.0489,0.8164697,310.7158,0.2585,0.37803381,-34073.528796833554,-63953.79348764325,83289.48559840162,0.2615312219008129,-1.3359407419302205,0.6590415627769989
790.0,52.7584,123.0489,0.8164697,310.7158,0.2585,0.37803381,-33994.66325046838,-64353.841230893915,83486.26333929959,0.2645404997998287,-1.3302640728519826,0.6516626411198637
795.0,52.7584,123.0489,0.8164697,310.7158,0.2585,0.37803381,-33914.900302024675,-64752.18812457133,83680.83426230689,0.2675140058803084,-1.324606767839903,0.6443371982766531
800.0,52.7584,123.0489,0.8164697,310.7158,0.2585,0.37803381,-33834.250597255115,-65148.839951333066,83873.21429519585,0.2704523379262484,-1.3189686133185663,0.637064418875228
805.0,52.7584,123.0489,0.8164697,310.7158,0.2585,0.37803381,-33752.7246046125,-65543.80242998783,84063.41912356579,0.2733560796914938,-1.3133493977028374,0.629843504532047
810.0,52.7584,123.0489,0.8164697,310.7158,0.2585,0.37803381,-33670.332619383036,-65937.08121610261,84251.46419587346,0.2762258013104726,-1.3077489113956993,0.6226736733951074
815.0,52.7584,123.0489,0.8164697,310.7158,0.2585,0.37803381,-33587.08476772228,-66328.68190259454,84437.36472832807,0.2790620596939926,-1.302166946784589,0.6155541597018176
820.0,52.7584,123.0489,0.8164697,310.7158,0.2585,0.37803381,-33502.99101056371,-66718.61002032843,84621.13570965629,0.2818653989113858,-1.2966032982362077,0.6084842133511847
825.0,52.7584,123.0489,0.8164697,310.7158,0.2585,0.37803381,-33418.06114742192,-67106.87103870884,84802.79190574038,0.2846363505592194,-1.291057762089985,0.6014630994897863
830.0,52.7584,123.0489,0.8164697,310.7158,0.2585,0.37803381,-33332.30482008164,-67493.4703662714,84982.34786413466,0.2873754341173472,-1.2855301366502758,0.5944900981110317
835.0,52.7584,123.0489,0.8164697,310.7158,0.2585,0.37803381,-33245.731516172265,-67878.41335127756,85159.81791846312,0.2900831572928958,-1.2800202221773396,0.5875645036671742
840.0,52.7584,123.0489,0.8164697,310.7158,0.2585,0.37803381,-33158.35057267237,-68261.70528229084,85335.21619270279,0.2927600163518992,-1.274527820877403,0.5806856246936178
845.0,52.7584,123.0489,0.8164697,310.7158,0.2585,0.37803381,-33070.1711792703,-68643.35138877115,85508.55660535578,0.295406496440511,-1.2690527368915498,0.5738527834450761
850.0,52.7584,123.0489,0.8164697,310.7158,0.2585,0.37803381,-32981.202381685085,-69023.35684164132,85679.85287351423,0.2980230718943536,-1.2635947762839372,0.5670653155430939
855.0,52.7584,123.0489,0.8164697,310.7158,0.2585,0.37803381,-32891.45308483325,-69401.72675387708,85849.1185168206,0.300610206538607,-1.2581537470289426,0.5603225696345971
860.0,52.7584,123.0489,0.8164697,310.7158,0.2585,0.37803381,-32800.932055971774,-69778.46618106545,86016.3668613278,0.3031683539769065,-1.2527294589978295,0.5536239070609743
865.0,52.7584,123.0489,0.8164697,310.7158,0.2585,0.37803381,-32709.647927689904,-70153.5801219875,86181.61104326074,0.3056979578718161,-1.2473217239444574,0.5469687015373792
870.0,52.7584,123.0489,0.8164697,310.7158,0.2585,0.37803381,-32617.609200890067,-70527.07351916454,86344.8640126836,0.3081994522147647,-1.2419303554906789,0.540356338841848
875.0,52.7584,123.0489,0.8164697,310.7158,0.2585,0.37803381,-32524.82424762757,-70898.95125942772,86506.13853707527,0.3106732615881922,-1.236555169110917,0.5337862165138985
880.0,52.7584,123.0489,0.8164697,310.7158,0.2585,0.37803381,-32431.30131388901,-71269.21817447622,86665.44720481518,0.3131198014188524,-1.231195982116303,0.5272577435622419
885.0,52.7584,123.0489,0.8164697,310.7158,0.2585,0.37803381,-32337.048522329947,-71637.87904141394,86822.80242858344,0.3155394782222904,-1.2258526136385115,0.5207703401813296
890.0,52.7584,123.0489,0.8164697,310.7158,0.2585,0.37803381,-32242.073874895425,-72004.93858330266,86978.21644867644,0.3179326898401994,-1.2205248846129917,0.5143234374763751
895.0,52.7584,123.0489,0.8164697,310.7158,0.2585,0.37803381,-32146.38525539504,-72370.40146969854,87131.70133624187,0.3202998256697274,-1.2152126177619418,0.5079164771965812
900.0,52.7584,123.0489,0.8164697,310.7158,0.2585,0.37803381,-32049.990431999573,-72734.27231718828,87283.26899643424,0.3226412668856346,-1.2099156375769191,0.5015489114762827
905.0,52.7584,123.0489,0.8164697,310.7158,0.2585,0.37803381,-31952.8970596794,-73096.55568991695,87432.93117149433,0.3249573866552616,-1.2046337703011938,0.4952202025837113
910.0,52.7584,123.0489,0.8164697,310.7158,0.2585,0.37803381,-31855.112682583716,-73457.25610010784,87580.699443754,0.3272485503466381,-1.199366843911882,0.4889298226771513
915.0,52.7584,123.0489,0.8164697,310.7158,0.2585,0.37803381,-31756.64473633433,-73816.37800858881,87726.58523856911,0.3295151157304336,-1.1941146881017477,0.4826772535681836
920.0,52.7584,123.0489,0.8164697,310.7158,0.2585,0.37803381,-31657.50055029334,-74173.92582529678,87870.5998271824,0.3317574331750446,-1.1888771342609774,0.4764619864918316
925.0,52.7584,123.0489,0.8164697,310.7158,0.2585,0.37803381,-31557.68734974476,-74529.90390979049,88012.75432951798,0.33397584583607,-1.1836540154586797,0.470283521883326
930.0,52.7584,123.0489,0.8164697,310.7158,0.2585,0.37803381,-31457.21225805017,-74884.31657174417,88153.05971691057,0.3361706898394486,-1.1784451664243738,0.4641413691612842
935.0,52.7584,123.0489,0.8164697,310.7158,0.2585,0.37803381,-31356.08229869719,-75237.1680714577,88291.5268147698,0.3383422944597872,-1.1732504235291534,0.4580350465171021
940.0,52.7584,123.0489,0.8164697,310.7158,0.2585,0.37803381,-31254.304397367723,-75588.46262033183,88428.16630518262,0.3404909822920919,-1.1680696247670923,0.4519640807103053
945.0,52.7584,123.0489,0.8164697,310.7158,0.2585,0.37803381,-31151.88538389852,-75938.20438136019,88562.98872945525,0.34261706941916,-1.16290260973633,0.4459280068697205
950.0,52.7584,123.0489,0.8164697,310.7158,0.2585,0.37803381,-31048.831994210963,-76286.39746960884,88696.00449059578,0.3447208655735971,-1.1577492196202082,0.4399263683002171
955.0,52.7584,123.0489,0.8164697,310.7158,0.2585,0.37803381,-30945.150872198046,-76633.04595268775,88827.22385574014,0.3468026742948732,-1.1526092971684134,0.4339587162948704
960.0,52.7584,123.0489,0.8164697,310.7158,0.2585,0.37803381,-30840.84857155628,-76978.15385121979,88956.65695852232,0.3488627930818035,-1.1474826866780683,0.4280246099523601
965.0,52.7584,123.0489,0.8164697,310.7158,0.2585,0.37803381,-30735.931557589367,-77321.7251392978,89084.31380139018,0.3509015135402129,-1.1423692339749285,0.4221236159994221
970.0,52.7584,123.0489,0.8164697,310.7158,0.2585,0.37803381,-30630.406208935052,-77663.76374494912,89210.20425786934,0.3529191215267144,-1.1372687863944355,0.4162553086181955
975.0,52.7584,123.0489,0.8164697,310.7158,0.2585,0.37803381,-30524.278819283765,-78004.27355058058,89334.33807477553,0.3549158972877309,-1.1321811927629843,0.4104192692783166
980.0,52.7584,123.0489,0.8164697,310.7158,0.2585,0.37803381,-30417.555599038653,-78343.25839342464,89456.72487437702,0.3568921155946767,-1.1271063033791646,0.404615086573591
985.0,52.7584,123.0489,0.8164697,310.7158,0.2585,0.37803381,-30310.242676935195,-78680.72206598088,89577.3741565096,0.3588480458752008,-1.1220439699950513,0.3988423560630945
990.0,52.7584,123.0489,0.8164697,310.7158,0.2585,0.37803381,-30202.346101644463,-79016.66831644227,89696.2953006433,0.3607839523402755,-1.116994045797692,0.3931006801165879
995.0,52.7584,123.0489,0.8164697,310.7158,0.2585,0.37803381,-30093.87184328229,-79351.10084913812,89813.49756790437,0.3627000941084086,-1.1119563853904113,0.3873896677640705
1000.0,52.7584,123.0489,0.8164697,310.7158,0.2585,0.37803381,-29984.825794966702,-79684.02332493848,89928.99010305227,0.3645967253250782,-1.1069308447745976,0.3817089345493764
1005.0,52.7584,123.0489,0.8164697,310.7158,0.2585,0.37803381,-29875.21377422342,-80015.43936175178,90042.7819364338,0.3664740952804189,-1.1019172813302385,0.3760581023866137
1010.0,52.7584,123.0489,0.8164697,310.7158,0.2585,0.37803381,-29765.041524567405,-80345.35253465993,90154.88198578807,0.3683324485203232,-1.09691555380181,0.3704367994257756
1015.0,52.7584,123.0489,0.8164697,310.7158,0.2585,0.37803381,-29654.314716721445,-80673.76637674477,90265.29905823318,0.3701720249595724,-1.0919255222739093,0.3648446599108668
1020.0,52.7584,123.0489,0.8164697,310.7158,0.2585,0.37803381,-29543.038950120714,-81000.68437919572,90374.04185198087,0.3719930599867208,-1.0869470481576595,0.3592813240531274
1025.0,52.7584,123.0489,0.8164697,310.7158,0.2585,0.37803381,-29431.21975420929,-81326.10999178718,90481.11895813327,0.37379578456878,-1.0819799941716672,0.3537464379016865
1030.0,52.7584,123.0489,0.8164697,310.7158,0.2585,0.37803381,-29318.862589770608,-81650.04662326106,90586.53886241632,0.3755804253520284,-1.0770242243244017,0.3482396532188079
1035.0,52.7584,123.0489,0.8164697,310.7158,0.2585,0.37803381,-29205.972850196267,-81972.49764171717,90690.3099468762,0.3773472047604318,-1.0720796038965656,0.3427606273583488
1040.0,52.7584,123.0489,0.8164697,310.7158,0.2585,0.37803381,-29092.55586274559,-82293.46637498972,90792.4404915402,0.3790963410910601,-1.067145999423704,0.3373090231473675
1045.0,52.7584,123.0489,0.8164697,310.7158,0.2585,0.37803381,-28978.61688976299,-82612.95611102454,90892.93867604125,0.380828048607055,-1.0622232786788994,0.3318845087707461
1050.0,52.7584,123.0489,0.8164697,310.7158,0.2585,0.37803381,-28864.161129880864,-82930.97009824605,90991.81258121002,0.3825425376278725,-1.0573113106556649,0.3264867576587765
1055.0,52.7584,123.0489,0.8164697,310.7158,0.2585,0.37803381,-28749.19371919566,-83247.5115459196,91089.0701906324,0.3842400146170473,-1.0524099655510006,0.321115448377579
1060.0,52.7584,123.0489,0.8164697,310.7158,0.2585,0.37803381,-28633.71973239509,-83562.58362451589,91184.71939217504,0.3859206822678633,-1.047519114748502,0.3157702645223157
1065.0,52.7584,123.0489,0.8164697,310.7158,0.2585,0.37803381,-28517.74418389531,-83876.18946605902,91278.7679794791,0.3875847395862506,-1.0426386308017768,0.3104508946130683
1070.0,52.7584,123.0489,0.8164697,310.7158,0.2585,0.37803381,-28401.27202892397,-84188.3321644794,91371.22365342305,0.3892323819718062,-1.0377683874178982,0.3051570319933331
1075.0,52.7584,123.0489,0.8164697,310.7158,0.2585,0.37803381,-28284.308164599403,-84499.01477595449,91462.0940235558,0.3908638012963955,-1.032908259441104,0.2998883747310536
1080.0,52.7584,123.0489,0.8164697,310.7158,0.2585,0.37803381,-28166.857430976674,-84808.2403192486,91551.38660949995,0.3924791859807626,-1.0280581228366157,0.2946446255220888
1085.0,52.7584,123.0489,0.8164697,310.7158,0.2585,0.37803381,-28048.924612050178,-85116.0117760546,91639.10884232678,0.39407872106935,-1.0232178546745296,0.2894254915960853
1090.0,52.7584,123.0489,0.8164697,310.7158,0.2585,0.37803381,-27930.51443679952,-85422.33209130858,91725.26806590312,0.3956625883023467,-1.018387333114164,0.2842306846246523
1095.0,52.7584,123.0489,0.8164697,310.7158,0.2585,0.37803381,-27811.631580130623,-85727.20417352846,91809.8715382114,0.3972309661868256,-1.013566437388195,0.2790599206317852
1100.0,52.7584,123.0489,0.8164697,310.7158,0.2585,0.37803381,-27692.28066385747,-86030.63089512612,91892.92643264256,0.3987840300652795,-1.0087550477872445,0.2739129199064826
1105.0,52.7584,123.0489,0.8164697,310.7158,0.2585,0.37803381,-27572.466257623375,-86332.61509272947,91974.43983926346,0.4003219521828262,-1.0039530456444368,0.2687894069174616
1110.0,52.7584,123.0489,0.8164697,310.7158,0.2585,0.37803381,-27452.192879856033,-86633.15956748214,92054.41876605868,0.4018449017520425,-0.9991603133203844,0.2636891102299468
1115.0,52.7584,123.0489,0.8164697,310.7158,0.2585,0.37803381,-27331.464998626623,-86932.26708536186,92132.8701401484,0.4033530450169963,-0.9943767341879686,0.2586117624244698
1120.0,52.7584,123.0489,0.8164697,310.7158,0.2585,0.37803381,-27210.287032554705,-87229.94037747657,92209.80080898106,0.4048465453148748,-0.9896021926175976,0.2535571000175766
1125.0,52.7584,123.0489,0.8164697,310.7158,0.2585,0.37803381,-27088.663351665626,-87526.18214036235,92285.21754150328,0.4063255631363637,-0.9848365739624912,0.2485248633844643
1130.0,52.7584,123.0489,0.8164697,310.7158,0.2585,0.37803381,-26966.59827824267,-87820.99503627501,92359.12702930695,0.4077902561843279,-0.9800797645441828,0.2435147966834277
1135.0,52.7584,123.0489,0.8164697,310.7158,0.2585,0.37803381,-26844.09608764601,-88114.38169348154,92431.53588775304,0.4092407794311716,-0.9753316516381147,0.2385266477820907
1140.0,52.7584,123.0489,0.8164697,310.7158,0.2585,0.37803381,-26721.161009121737,-88406.34470654502,92502.4506570748,0.4106772851746612,-0.9705921234594352,0.233560168185389
1145.0,52.7584,123.0489,0.8164697,310.7158,0.2585,0.37803381,-26597.797226614068,-88696.88663659911,92571.87780345808,0.4120999230921091,-0.9658610691490392,0.2286151129652204
1150.0,52.7584,123.0489,0.8164697,310.7158,0.2585,0.37803381,-26474.008879521905,-88986.01001163125,92639.82372010245,0.4135088402936275,-0.9611383787595909,0.2236912406917385
1155.0,52.7584,123.0489,0.8164697,310.7158,0.2585,0.37803381,-26349.800063484203,-89273.71732674721,92706.2947282605,0.4149041813735611,-0.9564239432419134,0.2187883133662509
1160.0,52.7584,123.0489,0.8164697,310.7158,0.2585,0.37803381,-26225.174831094933,-89560.01104444846,92771.29707825804,0.4162860884612106,-0.9517176544312814,0.2139060963556524
1165.0,52.7584,123.0489,0.8164697,310.7158,0.2585,0.37803381,-26100.137192675167,-89844.8935948845,92834.83695049456,0.4176547012695367,-0.947019405034202,0.2090443583283778
1170.0,52.7584,123.0489,0.8164697,310.7158,0.2585,0.37803381,-25974.691116962054,-90128.36737612051,92896.92045642498,0.4190101571433714,-0.9423290886150394,0.2042028711918148
1175.0,52.7584,123.0489,0.8164697,310.7158,0.2585,0.37803381,-25848.840531823706,-90410.43475439018,92957.55363952198,0.420352591106012,-0.9376465995829744,0.199381410031148
1180.0,52.7584,123.0489,0.8164697,310.7158,0.2585,0.37803381,-25722.589324945817,-90691.09806434844,93016.74247622186,0.4216821359048205,-0.932971833179054,0.1945797530495893
1185.0,52.7584,123.0489,0.8164697,310.7158,0.2585,0.37803381,-25595.941344511524,-90970.359609318,93074.4928768505,0.4229989220556265,-0.9283046854634216,0.18979768150996
1190.0,52.7584,123.0489,0.8164697,310.7158,0.2585,0.37803381,-25468.900399870818,-91248.2216615323,93130.81068653388,0.4243030778860217,-0.9236450533027128,0.1850349796775859
1195.0,52.7584,123.0489,0.8164697,310.7158,0.2585,0.37803381,-25341.47026216714,-91524.68646238194,93185.70168609051,0.4255947295778982,-0.9189928343574616,0.1802914347644815
1200.0,52.7584,123.0489,0.8164697,310.7158,0.2585,0.37803381,-25213.65466500061,-91799.7562226449,93239.1715929076,0.4268740012084524,-0.9143479270698722,0.1755668368747607
1205.0,52.7584,123.0489,0.8164697,310.7158,0.2585,0.37803381,-25085.457305040574,-92073.43312272216,93291.2260618015,0.4281410147905909,-0.9097102306515727,0.1708609789512876
1210.0,52.7584,123.0489,0.8164697,310.7158,0.2585,0.37803381,-24956.881842650517,-92345.7193128646,93341.87068586131,0.4293958903121118,-0.9050796450716164,0.166173656723484
1215.0,52.7584,123.0489,0.8164697,310.7158,0.2585,0.37803381,-24827.931902467757,-92616.61691340477,93391.110997278,0.4306387457742735,-0.9004560710444663,0.1615046686562963
1220.0,52.7584,123.0489,0.8164697,310.7158,0.2585,0.37803381,-24698.611074023825,-92886.12801497032,93438.95246815794,0.4318696972289395,-0.8958394100183712,0.1568538159002934
1225.0,52.7584,123.0489,0.8164697,310.7158,0.2585,0.37803381,-24568.922912297257,-93154.2546787108,93485.40051132106,0.433088858815372,-0.8912295641636085,0.1522209022428259
1230.0,52.7584,123.0489,0.8164697,310.7158,0.2585,0.37803381,-24438.870938303415,-93420.99893650592,93530.46048108608,0.4342963427956983,-0.8866264363610945,0.1476057340602906
1235.0,52.7584,123.0489,0.8164697,310.7158,0.2585,0.37803381,-24308.4586396378,-93686.36279118226,93574.13767403974,0.4354922595898751,-0.8820299301909543,0.1430081202713856
1240.0,52.7584,123.0489,0.8164697,310.7158,0.2585,0.37803381,-24177.68947102512,-93950.34821672112,93616.4373297932,0.4366767178096731,-0.8774399499213055,0.1384278722914011
1245.0,52.7584,123.0489,0.8164697,310.7158,0.2585,0.37803381,-24046.566854865803,-94212.95715846022,93657.36463172492,0.4378498242917926,-0.8728564004972085,0.133864803987496
1250.0,52.7584,123.0489,0.8164697,310.7158,0.2585,0.37803381,-23915.094181757857,-94474.1915332982,93696.9247077094,0.4390116841303367,-0.8682791875296757,0.1293187316349039
1255.0,52.7584,123.0489,0.8164697,310.7158,0.2585,0.37803381,-23783.274811025407,-94734.0532298896,93735.12263083436,0.4401624007083797,-0.8637082172848796,0.1247894738741051
1260.0,52.7584,123.0489,0.8164697,310.7158,0.2585,0.37803381,-23651.112071201456,-94992.54410884665,93771.9634201035,0.4413020757291259,-0.8591433966733274,0.1202768516688902
1265.0,52.7584,123.0489,0.8164697,310.7158,0.2585,0.37803381,-23518.60926054833,-95249.66600292647,93807.4520411282,0.4424308092459174,-0.8545846332393725,0.1157806882653061
1270.0,52.7584,123.0489,0.8164697,310.7158,0.2585,0.37803381,-23385.769647566292,-95505.4207172147,93841.5934068064,0.4435486996915802,-0.8500318351508288,0.1113008091514855
1275.0,52.7584,123.0489,0.8164697,310.7158,0.2585,0.37803381,-23252.59647142092,-95759.81002932556,93874.39237798896,0.4446558439077301,-0.8454849111883861,0.1068370420182925
1280.0,52.7584,123.0489,0.8164697,310.7158,0.2585,0.37803381,-23119.0929424699,-96012.83568957032,93905.85376413632,0.4457523371724553,-0.8409437707356198,0.1023892167208201
1285.0,52.7584,123.0489,0.8164697,310.7158,0.2585,0.37803381,-22985.26224269782,-96264.49942114498,93935.9823239613,0.4468382732280877,-0.8364083237687584,0.0979571652406611
1290.0,52.7584,123.0489,0.8164697,310.7158,0.2585,0.37803381,-22851.107526198382,-96514.80292030006,93964.782766062,0.4479137443078663,-0.8318784808467997,0.0935407216489779
1295.0,52.7584,123.0489,0.8164697,310.7158,0.2585,0.37803381,-22716.63191958818,-96763.74785652332,93992.25974954404,0.4489788411625042,-0.8273541531014711,0.0891397220703251
1300.0,52.7584,123.0489,0.8164697,310.7158,0.2585,0.37803381,-22581.83852248028,-97011.33587270194,94018.41788463094,0.4500336530855739,-0.8228352522276154,0.0847540046472184
1305.0,52.7584,123.0489,0.8164697,310.7158,0.2585,0.37803381,-22446.73040789207,-97257.5685852962,94043.26173326482,0.451078267938814,-0.8183216904734157,0.0803834095054353
1310.0,52.7584,123.0489,0.8164697,310.7158,0.2585,0.37803381,-22311.31062270567,-97502.44758449678,94066.79580969676,0.45211277217635,-0.8138133806309975,0.0760277787200099
1315.0,52.7584,123.0489,0.8164697,310.7158,0.2585,0.37803381,-22175.582188043372,-97745.97443439628,94089.02458106636,0.4531372508690246,-0.8093102360267922,0.0716869562819236
1320.0,52.7584,123.0489,0.8164697,310.7158,0.2585,0.37803381,-22039.548099711963,-97988.15067314096,94109.95246797244,0.4541517877275432,-0.8048121705123455,0.0673607880654762
1325.0,52.7584,123.0489,0.8164697,310.7158,0.2585,0.37803381,-21903.211328588175,-98228.97781309143,94129.58384503306,0.4551564651255331,-0.800319098454992,0.0630491217963014
1330.0,52.7584,123.0489,0.8164697,310.7158,0.2585,0.37803381,-21766.57482104413,-98468.4573409699,94147.92304143656,0.4561513641216971,-0.7958309347288496,0.058751807020036
1335.0,52.7584,123.0489,0.8164697,310.7158,0.2585,0.37803381,-21629.641499302663,-98706.5907180194,94164.97434148358,0.4571365644819943,-0.7913475947056073,0.0544686950716028
1340.0,52.7584,123.0489,0.8164697,310.7158,0.2585,0.37803381,-21492.414261838545,-98943.3793801477,94180.74198511892,0.4581121447008956,-0.7868689942456751,0.0501996390451162
1345.0,52.7584,123.0489,0.8164697,310.7158,0.2585,0.37803381,-21354.89598376194,-99178.82473807204,94195.23016845567,0.4590781820222634,-0.7823950496893526,0.0459444937643775
1350.0,52.7584,123.0489,0.8164697,310.7158,0.2585,0.37803381,-21217.08951719085,-99412.92817746189,94208.44304428982,0.4600347524598067,-0.7779256778480835,0.0417031157539503
1355.0,52.7584,123.0489,0.8164697,310.7158,0.2585,0.37803381,-21078.997691607256,-99645.69105908122,94220.38472260616,0.4609819308171571,-0.7734607959957531,0.0374753632108084
1360.0,52.7584,123.0489,0.8164697,310.7158,0.2585,0.37803381,-20940.623314219072,-99877.1147189257,94231.05927107674,0.461919790707419,-0.7690003218601268,0.0332610959765442
1365.0,52.7584,123.0489,0.8164697,310.7158,0.2585,0.37803381,-20801.96917032002,-100107.20046835663,94240.47071554976,0.4628484045722502,-0.7645441736144011,0.0290601755101071
1370.0,52.7584,123.0489,0.8164697,310.7158,0.2585,0.37803381,-20663.038023649464,-100335.9495942312,94248.62304053124,0.4637678437004843,-0.7600922698688563,0.0248724648610738
1375.0,52.7584,123.0489,0.8164697,310.7158,0.2585,0.37803381,-20523.832616701024,-100563.36335903966,94255.52018965856,0.4646781782466949,-0.7556445296623996,0.020697828643451
1380.0,52.7584,123.0489,0.8164697,310.7158,0.2585,0.37803381,-20384.355671101403,-100789.44300102428,94261.16606616596,0.4655794772487721,-0.7512008724545304,0.0165361330099583
1385.0,52.7584,123.0489,0.8164697,310.7158,0.2585,0.37803381,-20244.609887905783,-101014.18973431208,94265.56453334288,0.4664718086457113,-0.7467612181170281,0.0123872456268267
1390.0,52.7584,123.0489,0.8164697,310.7158,0.2585,0.37803381,-20104.59794796064,-101237.60474903036,94268.719414984,0.4673552392944629,-0.7423254869260598,0.0082510356490591
1395.0,52.7584,123.0489,0.8164697,310.7158,0.2585,0.37803381,-19964.32251218983,-101459.68921143404,94270.63449583296,0.4682298349869486,-0.7378935995540391,0.0041273736961845
1400.0,52.7584,123.0489,0.8164697,310.7158,0.2585,0.37803381,-19823.786221945866,-101680.44426401657,94271.3135220182,0.4690956604661956,-0.7334654770618733,1.6131828451802492e-05
1405.0,52.7584,123.0489,0.8164697,310.7158,0.2585,0.37803381,-19682.99169929217,-101899.87102563198,94270.76020148143,0.4699527794425791,-0.7290410408910081,-0.0040828164765222
1410.0,52.7584,123.0489,0.8164697,310.7158,0.2585,0.37803381,-19541.94154734148,-102117.97059160104,94268.9782044004,0.4708012546092824,-0.7246202128558161,-0.00816959634665
1415.0,52.7584,123.0489,0.8164697,310.7158,0.2585,0.37803381,-19400.638350530266,-102334.74403382838,94265.97116360346,0.4716411476578375,-0.7202029151357847,-0.012244331537868
1420.0,52.7584,123.0489,0.8164697,310.7158,0.2585,0.37803381,-19259.08467492193,-102550.19240091,94261.7426749781,0.4724725192930962,-0.7157890702679384,-0.0163071444561879
1425.0,52.7584,123.0489,0.8164697,310.7158,0.2585,0.37803381,-19117.28306853079,-102764.31671823344,94256.29629787308,0.4732954292477025,-0.7113786011394374,-0.0203581561793503
1430.0,52.7584,123.0489,0.8164697,310.7158,0.2585,0.37803381,-18975.23606156316,-102977.11798809124,94249.63555549354,0.4741099362967959,-0.7069714309798879,-0.0243974864780767
1435.0,52.7584,123.0489,0.8164697,310.7158,0.2585,0.37803381,-18832.946166748603,-103188.59718977414,94241.76393529066,0.4749160982717447,-0.7025674833541571,-0.0284252538369223
1440.0,52.7584,123.0489,0.8164697,310.7158,0.2585,0.37803381,-18690.415879582615,-103398.75527967734,94232.6848893443,0.4757139720741703,-0.6981666821548553,-0.0324415754747544
